,ids
0,0
1,1
2,6
3,9
4,11
5,19
6,20
7,22
8,23
9,24
10,25
11,27
12,31
13,39
14,43
15,56
16,69
17,70
18,71
19,73
20,78
21,80
22,86
23,87
24,97
25,99
26,106
27,110
28,111
29,118
30,119
31,129
32,132
33,133
34,140
35,144
36,145
37,148
38,153
39,158
40,165
41,169
42,171
43,177
44,187
45,205
46,207
47,208
48,211
49,215
50,228
51,230
52,231
53,232
54,233
55,238
56,244
57,253
58,258
59,263
60,264
61,266
62,269
63,272
64,273
65,277
66,284
67,289
68,291
69,294
70,299
71,311
72,312
73,318
74,322
75,331
76,337
77,350
78,356
79,358
80,359
81,360
82,361
83,362
84,364
85,366
86,370
87,371
88,372
89,373
90,375
91,411
92,421
93,422
94,429
95,445
96,446
97,448
98,453
99,948
100,949
101,951
102,956
103,959
104,960
105,963
106,967
107,970
108,971
109,975
110,984
111,990
112,992
113,994
114,996
115,1001
116,1005
117,1007
118,1017
119,1018
120,1021
121,1024
122,1025
123,1026
124,1030
125,1031
126,1038
127,1044
128,1046
129,1048
130,1055
131,1058
132,1067
133,1070
134,1071
135,1072
136,1075
137,1077
138,1078
139,1083
140,1093
141,1096
142,1097
143,1100
144,1105
145,1110
146,1111
147,1112
148,1113
149,1114
150,1123
151,1126
152,1129
153,1132
154,1133
155,1136
156,1142
157,1150
158,1163
159,1164
160,1166
161,1182
162,1183
163,1187
164,1194
165,1195
166,1199
167,1200
168,1201
169,1202
170,1203
171,1204
172,1209
173,1271
174,1272
175,1282
176,1285
177,1305
178,1338
179,1340
180,1350
181,1351
182,1352
183,1353
184,1355
185,1357
186,1359
187,1360
188,1362
189,1365
190,1366
191,1367
192,1368
193,1370
194,1374
195,1375
196,1376
197,1379
198,1382
199,1383
200,1962
201,1973
202,1975
203,1979
204,1983
205,1989
206,1993
207,1996
208,2007
209,2010
210,2014
211,2017
212,2037
213,2046
214,2057
215,2059
216,2064
217,2070
218,2071
219,2076
220,2077
221,2088
222,2095
223,2096
224,2102
225,2104
226,2106
227,2109
228,2114
229,2128
230,2129
231,2134
232,2140
233,2141
234,2148
235,2149
236,2152
237,2161
238,2164
239,2165
240,2167
241,2176
242,2177
243,2183
244,2184
245,2185
246,2187
247,2190
248,2191
249,2192
250,2193
251,2195
252,2950
253,2955
254,2956
255,2969
256,2981
257,2983
258,2984
259,2986
260,2992
261,2995
262,2999
263,3006
264,3013
265,3014
266,3032
267,3038
268,3041
269,3046
270,3049
271,3052
272,3056
273,3062
274,3063
275,3069
276,3072
277,3073
278,3083
279,3085
280,3100
281,3110
282,3114
283,3115
284,3118
285,3119
286,3147
287,3152
288,3159
289,3163
290,3168
291,3172
292,3181
293,3183
294,3184
295,3186
296,3187
297,3188
298,3189
299,3194
300,3200
301,3203
302,3204
303,3208
304,3225
305,3227
306,3230
307,3231
308,3236
309,3237
310,3257
311,3949
312,3952
313,3957
314,3961
315,3970
316,3972
317,3980
318,3986
319,3987
320,3994
321,3997
322,3999
323,4000
324,4017
325,4020
326,4028
327,4038
328,4039
329,4053
330,4054
331,4059
332,4065
333,4067
334,4068
335,4070
336,4075
337,4078
338,4080
339,4091
340,4095
341,4099
342,4101
343,4102
344,4106
345,4116
346,4121
347,4129
348,4131
349,4132
350,4138
351,4142
352,4143
353,4147
354,4159
355,4177
356,4178
357,4192
358,4197
359,4198
360,4203
361,4206
362,4214
363,4216
364,4218
365,4220
366,4223
367,4230
368,4233
369,4235
370,4239
371,4241
372,4244
373,4246
374,4247
375,4248
376,4249
377,4257
378,4259
379,4260
380,4262
381,4263
382,4294
383,4295
384,4297
385,4298
386,4312
387,4950
388,4954
389,4955
390,4959
391,4964
392,4968
393,4974
394,4975
395,4978
396,4981
397,4983
398,4990
399,4992
400,4996
401,5000
402,5014
403,5023
404,5027
405,5040
406,5043
407,5047
408,5051
409,5055
410,5059
411,5063
412,5069
413,5074
414,5076
415,5082
416,5083
417,5087
418,5092
419,5094
420,5099
421,5100
422,5103
423,5106
424,5112
425,5122
426,5126
427,5129
428,5133
429,5134
430,5139
431,5141
432,5143
433,5147
434,5148
435,5149
436,5151
437,5153
438,5158
439,5161
440,5168
441,5170
442,5176
443,5181
444,5184
445,5188
446,5191
447,5192
448,5193
449,5199
450,5201
451,5204
452,5205
453,5220
454,5228
455,5230
456,5231
457,5232
458,5236
459,5238
460,5241
461,5247
462,5250
463,5255
464,5331
465,5333
466,5334
467,5335
468,5339
469,5368
470,5371
471,5376
472,5380
473,5398
474,5399
475,5400
476,5402
477,5403
478,5406
479,5407
480,5410
481,5413
482,5415
483,5421
484,5426
485,5427
486,5432
487,5435
488,5436
489,5441
490,5445
491,5449
492,5451
493,5452
494,5453
495,5454
496,5464
497,5948
498,5949
499,5960
500,5965
501,5968
502,5973
503,5979
504,5980
505,5981
506,5986
507,5995
508,5997
509,6038
510,6042
511,6046
512,6060
513,6065
514,6068
515,6069
516,6073
517,6075
518,6081
519,6084
520,6085
521,6094
522,6103
523,6105
524,6112
525,6123
526,6126
527,6139
528,6149
529,6154
530,6156
531,6162
532,6173
533,6179
534,6180
535,6197
536,6198
537,6199
538,6200
539,6202
540,6213
541,6217
542,6223
543,6226
544,6228
545,6229
546,6232
547,6233
548,6235
549,6245
550,6249
551,6255
552,6257
553,6259
554,6319
555,6320
556,6322
557,6329
558,6345
559,6355
560,6357
561,6358
562,6359
563,6362
564,6952
565,6954
566,6957
567,6961
568,6962
569,6968
570,6995
571,7010
572,7026
573,7029
574,7035
575,7037
576,7046
577,7048
578,7049
579,7051
580,7053
581,7058
582,7059
583,7067
584,7069
585,7090
586,7108
587,7116
588,7126
589,7140
590,7145
591,7148
592,7150
593,7152
594,7153
595,7164
596,7167
597,7174
598,7178
599,7196
600,7210
601,7213
602,7214
603,7220
604,7226
605,7228
606,7236
607,7263
608,7266
609,7269
610,7285
611,7293
612,7298
613,7301
614,7308
615,7316
616,7317
617,7318
618,7325
619,7337
620,7338
621,7341
622,7343
623,7345
624,7347
625,7352
626,7353
627,7355
628,7360
629,7363
630,7365
631,7411
632,7412
633,7417
634,7418
635,7425
636,7426
637,7427
638,7442
639,7443
640,7446
641,7449
642,7453
643,7457
644,7458
645,7459
646,7477
647,7950
648,7961
649,7962
650,7967
651,7986
652,7988
653,7993
654,8000
655,8005
656,8019
657,8033
658,8037
659,8045
660,8048
661,8050
662,8060
663,8064
664,8067
665,8070
666,8074
667,8078
668,8085
669,8093
670,8100
671,8107
672,8113
673,8124
674,8128
675,8134
676,8138
677,8140
678,8144
679,8149
680,8159
681,8165
682,8174
683,8183
684,8190
685,8193
686,8203
687,8211
688,8212
689,8213
690,8214
691,8219
692,8227
693,8228
694,8229
695,8231
696,8236
697,8245
698,8251
699,8258
700,8259
701,8267
702,8277
703,8280
704,8281
705,8282
706,8284
707,8290
708,8291
709,8298
710,8300
711,8303
712,8310
713,8312
714,8317
715,8319
716,8324
717,8325
718,8326
719,8339
720,8342
721,8344
722,8349
723,8357
724,8358
725,8362
726,8363
727,8366
728,8367
729,8368
730,8949
731,8956
732,8957
733,8958
734,8960
735,8964
736,8966
737,8977
738,8978
739,8981
740,8988
741,8999
742,9003
743,9008
744,9013
745,9021
746,9028
747,9030
748,9032
749,9033
750,9036
751,9040
752,9045
753,9053
754,9057
755,9061
756,9062
757,9064
758,9066
759,9067
760,9069
761,9074
762,9076
763,9078
764,9084
765,9088
766,9098
767,9099
768,9103
769,9104
770,9107
771,9110
772,9123
773,9134
774,9142
775,9144
776,9150
777,9151
778,9153
779,9161
780,9166
781,9168
782,9177
783,9178
784,9179
785,9180
786,9184
787,9186
788,9187
789,9188
790,9192
791,9195
792,9197
793,9199
794,9202
795,9952
796,9962
797,9968
798,9981
799,9982
800,9987
801,9996
802,9998
803,10004
804,10006
805,10011
806,10015
807,10021
808,10028
809,10042
810,10047
811,10056
812,10063
813,10069
814,10072
815,10073
816,10074
817,10080
818,10088
819,10096
820,10100
821,10112
822,10123
823,10126
824,10128
825,10129
826,10133
827,10136
828,10142
829,10153
830,10156
831,10157
832,10158
833,10163
834,10165
835,10169
836,10176
837,10179
838,10186
839,10190
840,10193
841,10210
842,10214
843,10226
844,10233
845,10234
846,10235
847,10245
848,10246
849,10248
850,10249
851,10252
852,10256
853,10258
854,10260
855,10261
856,10272
857,10278
858,10282
859,10283
860,10289
861,10292
862,10297
863,10303
864,10308
865,10310
866,10311
867,10312
868,10321
869,10322
870,10325
871,10328
872,10331
873,10332
874,10333
875,10334
876,10335
877,10338
878,10339
879,10431
880,10433
881,10435
882,10481
883,10482
884,10483
885,10484
886,10497
887,10498
888,10499
889,10501
890,10502
891,10504
892,10506
893,10507
894,10508
895,10952
896,10956
897,10957
898,10958
899,10961
900,10962
901,10963
902,10967
903,10969
904,10974
905,10993
906,10995
907,11000
908,11003
909,11007
910,11012
911,11017
912,11033
913,11038
914,11041
915,11042
916,11044
917,11052
918,11053
919,11064
920,11075
921,11076
922,11093
923,11102
924,11112
925,11122
926,11124
927,11125
928,11128
929,11137
930,11144
931,11149
932,11150
933,11157
934,11158
935,11160
936,11161
937,11164
938,11166
939,11167
940,11168
941,11171
942,11172
943,11187
944,11188
945,11189
946,11199
947,11200
948,11224
949,11961
950,11962
951,11965
952,11970
953,11971
954,11978
955,11994
956,11995
957,12002
958,12009
959,12012
960,12021
961,12025
962,12027
963,12053
964,12075
965,12078
966,12083
967,12084
968,12091
969,12097
970,12119
971,12125
972,12127
973,12138
974,12139
975,12144
976,12160
977,12167
978,12168
979,12175
980,12177
981,12181
982,12199
983,12206
984,12209
985,12216
986,12219
987,12232
988,12233
989,12269
990,12271
991,12274
992,12275
993,12277
994,12284
995,12307
996,12314
997,12328
998,12332
999,12335
1000,12340
1001,12341
1002,12342
1003,12343
1004,12348
1005,12356
1006,12360
1007,12364
1008,12366
1009,12367
1010,12368
1011,12369
1012,12376
1013,12384
1014,12388
1015,12391
1016,12393
1017,12396
1018,12397
1019,12398
1020,12405
1021,12406
1022,12407
1023,12474
1024,12489
1025,12490
1026,12495
1027,13019
1028,13021
1029,13030
1030,13032
1031,13033
1032,13035
1033,13037
1034,13039
1035,13044
1036,13047
1037,13058
1038,13078
1039,13081
1040,13097
1041,13101
1042,13102
1043,13116
1044,13118
1045,13121
1046,13132
1047,13133
1048,13136
1049,13138
1050,13146
1051,13159
1052,13174
1053,13181
1054,13186
1055,13188
1056,13189
1057,13206
1058,13211
1059,13212
1060,13221
1061,13229
1062,13230
1063,13231
1064,13234
1065,13242
1066,13247
1067,13248
1068,13249
1069,13254
1070,13257
1071,13262
1072,13263
1073,13286
1074,13287
1075,13296
1076,13309
1077,13315
1078,13338
1079,13357
1080,13360
1081,13364
1082,13368
1083,13376
1084,13377
1085,13380
1086,13399
1087,13404
1088,13430
1089,13431
1090,13432
1091,13444
1092,13447
1093,13450
1094,14063
1095,14066
1096,14067
1097,14069
1098,14071
1099,14090
1100,14091
1101,14094
1102,14100
1103,14104
1104,14110
1105,14111
1106,14113
1107,14122
1108,14127
1109,14131
1110,14135
1111,14138
1112,14182
1113,14185
1114,14193
1115,14195
1116,14213
1117,14214
1118,14216
1119,14222
1120,14223
1121,14225
1122,14229
1123,14232
1124,14238
1125,14259
1126,14262
1127,14264
1128,14268
1129,14271
1130,14275
1131,14282
1132,14287
1133,14289
1134,14290
1135,14300
1136,14304
1137,14308
1138,14313
1139,14314
1140,14323
1141,14326
1142,14328
1143,14332
1144,14335
1145,14348
1146,14350
1147,14353
1148,14361
1149,14364
1150,14368
1151,14377
1152,14378
1153,14382
1154,14383
1155,14385
1156,14403
1157,14404
1158,14412
1159,14415
1160,14416
1161,14417
1162,14421
1163,14422
1164,14427
1165,14428
1166,14434
1167,14438
1168,14439
1169,14445
1170,14446
1171,14448
1172,14490
1173,14524
1174,14525
1175,14526
1176,14527
1177,14529
1178,14532
1179,14533
1180,14534
1181,14537
1182,14540
1183,14541
1184,14544
1185,14547
1186,14548
1187,14553
1188,15031
1189,15164
1190,15169
1191,15171
1192,15178
1193,15195
1194,15199
1195,15202
1196,15205
1197,15217
1198,15231
1199,15234
1200,15237
1201,15254
1202,15258
1203,15263
1204,15277
1205,15280
1206,15284
1207,15287
1208,15289
1209,15305
1210,15312
1211,15315
1212,15316
1213,15329
1214,15334
1215,15338
1216,15340
1217,15341
1218,15353
1219,15360
1220,15366
1221,15369
1222,15372
1223,15374
1224,15379
1225,15386
1226,15391
1227,15397
1228,15404
1229,15423
1230,15427
1231,15431
1232,15432
1233,15433
1234,15450
1235,15469
1236,15473
1237,15476
1238,15486
1239,15488
1240,15491
1241,15494
1242,15497
1243,15506
1244,15529
1245,15532
1246,15537
1247,15539
1248,15541
1249,15545
1250,15549
1251,15550
1252,15558
1253,15559
1254,15561
1255,15563
1256,15566
1257,15569
1258,15570
1259,15571
1260,15576
1261,15613
1262,15615
1263,15616
1264,15622
1265,15623
1266,15632
1267,15634
1268,15654
1269,15655
1270,15668
1271,15669
1272,15671
1273,15673
1274,15676
1275,15679
1276,15681
1277,15690
1278,15693
1279,16183
1280,16191
1281,16194
1282,16200
1283,16208
1284,16218
1285,16227
1286,16252
1287,16253
1288,16259
1289,16276
1290,16277
1291,16280
1292,16281
1293,16282
1294,16284
1295,16286
1296,16293
1297,16297
1298,16299
1299,16304
1300,16317
1301,16319
1302,16321
1303,16329
1304,16330
1305,16331
1306,16335
1307,16336
1308,16396
1309,16397
1310,16409
1311,16445
1312,16447
1313,16450
1314,16466
1315,16469
1316,16470
1317,16471
1318,16473
1319,16474
1320,16475
1321,16476
1322,16477
1323,16478
1324,16479
1325,16482
1326,16483
1327,16485
1328,16486
1329,16488
1330,16489
1331,16493
1332,16494
1333,17168
1334,17178
1335,17179
1336,17183
1337,17184
1338,17185
1339,17195
1340,17198
1341,17203
1342,17204
1343,17207
1344,17211
1345,17219
1346,17224
1347,17233
1348,17234
1349,17240
1350,17247
1351,17250
1352,17253
1353,17255
1354,17262
1355,17268
1356,17270
1357,17271
1358,17288
1359,17289
1360,17291
1361,17294
1362,17296
1363,17302
1364,17317
1365,17322
1366,17323
1367,17327
1368,17329
1369,17336
1370,17343
1371,17358
1372,17359
1373,17360
1374,17362
1375,17373
1376,17378
1377,17381
1378,17382
1379,17391
1380,17396
1381,17400
1382,17402
1383,17410
1384,17412
1385,17417
1386,17424
1387,17426
1388,17440
1389,17443
1390,17444
1391,17445
1392,17449
1393,17452
1394,17453
1395,17455
1396,17458
1397,17462
1398,17464
1399,17465
1400,17469
1401,17477
1402,17478
1403,17479
1404,17481
1405,17483
1406,17490
1407,17491
1408,17536
1409,18170
1410,18173
1411,18175
1412,18187
1413,18191
1414,18205
1415,18208
1416,18209
1417,18210
1418,18216
1419,18217
1420,18218
1421,18220
1422,18226
1423,18230
1424,18245
1425,18246
1426,18253
1427,18260
1428,18262
1429,18269
1430,18273
1431,18287
1432,18288
1433,18291
1434,18292
1435,18302
1436,18306
1437,18307
1438,18308
1439,18312
1440,18318
1441,18331
1442,18333
1443,18338
1444,18345
1445,18346
1446,18347
1447,18362
1448,18367
1449,18371
1450,18372
1451,18375
1452,18382
1453,18388
1454,18408
1455,18412
1456,18420
1457,18430
1458,18432
1459,18441
1460,18442
1461,18446
1462,18451
1463,18453
1464,18458
1465,18464
1466,18468
1467,18469
1468,18475
1469,18479
1470,18480
1471,18482
1472,18486
1473,18488
1474,18492
1475,18493
1476,18496
1477,18501
1478,18503
1479,18520
1480,18521
1481,18538
1482,18539
1483,18547
1484,18551
1485,18552
1486,18554
1487,18558
1488,18559
1489,18561
1490,18563
1491,18567
1492,18570
1493,18571
1494,18573
1495,19166
1496,19169
1497,19172
1498,19173
1499,19174
1500,19180
1501,19199
1502,19204
1503,19236
1504,19243
1505,19244
1506,19248
1507,19255
1508,19258
1509,19263
1510,19271
1511,19273
1512,19276
1513,19278
1514,19300
1515,19312
1516,19316
1517,19321
1518,19333
1519,19338
1520,19339
1521,19340
1522,19341
1523,19344
1524,19348
1525,19351
1526,19357
1527,19358
1528,19366
1529,19370
1530,19376
1531,19379
1532,19383
1533,19384
1534,19388
1535,19451
1536,19460
1537,19472
1538,19490
1539,19492
1540,20167
1541,20174
1542,20179
1543,20186
1544,20190
1545,20200
1546,20221
1547,20228
1548,20231
1549,20251
1550,20255
1551,20257
1552,20259
1553,20265
1554,20266
1555,20268
1556,20269
1557,20278
1558,20283
1559,20287
1560,20290
1561,20292
1562,20294
1563,20299
1564,20304
1565,20327
1566,20329
1567,20334
1568,20336
1569,20339
1570,20343
1571,20346
1572,20347
1573,20349
1574,20359
1575,20363
1576,20364
1577,20370
1578,20373
1579,20378
1580,20383
1581,20384
1582,20388
1583,20395
1584,20400
1585,20401
1586,20402
1587,20404
1588,20412
1589,20413
1590,20416
1591,20417
1592,20424
1593,20439
1594,20449
1595,20456
1596,20464
1597,20465
1598,20466
1599,20471
1600,20474
1601,20478
1602,20482
1603,20487
1604,20494
1605,20496
1606,20499
1607,20503
1608,20511
1609,20512
1610,20517
1611,20518
1612,20560
1613,20565
1614,20566
1615,20571
1616,20592
1617,20597
1618,20598
1619,20603
1620,20610
1621,21168
1622,21171
1623,21172
1624,21173
1625,21176
1626,21182
1627,21186
1628,21192
1629,21195
1630,21201
1631,21205
1632,21216
1633,21229
1634,21234
1635,21243
1636,21246
1637,21258
1638,21268
1639,21278
1640,21280
1641,21282
1642,21286
1643,21294
1644,21308
1645,21311
1646,21314
1647,21323
1648,21345
1649,21351
1650,21352
1651,21355
1652,21358
1653,21365
1654,21368
1655,21371
1656,21376
1657,21378
1658,21381
1659,21389
1660,21392
1661,21396
1662,21400
1663,21401
1664,21405
1665,21420
1666,21423
1667,21425
1668,21431
1669,21442
1670,21444
1671,21449
1672,21450
1673,21453
1674,21456
1675,21462
1676,21464
1677,21465
1678,21506
1679,21534
1680,21541
1681,21542
1682,21543
1683,21545
1684,21555
1685,21556
1686,21557
1687,21558
1688,21561
1689,22123
1690,22134
1691,22169
1692,22173
1693,22174
1694,22176
1695,22184
1696,22188
1697,22189
1698,22192
1699,22206
1700,22211
1701,22215
1702,22224
1703,22225
1704,22231
1705,22248
1706,22252
1707,22257
1708,22261
1709,22270
1710,22275
1711,22294
1712,22304
1713,22305
1714,22308
1715,22310
1716,22319
1717,22330
1718,22331
1719,22338
1720,22347
1721,22349
1722,22353
1723,22366
1724,22372
1725,22396
1726,22397
1727,22403
1728,22408
1729,22415
1730,22422
1731,22427
1732,22432
1733,22440
1734,22445
1735,22447
1736,22454
1737,22458
1738,22463
1739,22465
1740,22467
1741,22475
1742,22476
1743,22477
1744,22478
1745,22479
1746,22483
1747,22486
1748,22497
1749,22499
1750,22500
1751,22502
1752,22519
1753,22521
1754,22527
1755,22528
1756,22529
1757,22595
1758,22596
1759,22598
1760,23130
1761,23131
1762,23135
1763,23136
1764,23138
1765,23140
1766,23144
1767,23146
1768,23153
1769,23162
1770,23179
1771,23181
1772,23187
1773,23191
1774,23197
1775,23206
1776,23218
1777,23222
1778,23228
1779,23229
1780,23234
1781,23242
1782,23253
1783,23272
1784,23280
1785,23290
1786,23302
1787,23309
1788,23314
1789,23318
1790,23338
1791,23348
1792,23357
1793,23361
1794,23369
1795,23373
1796,23377
1797,23382
1798,23388
1799,23391
1800,23395
1801,23429
1802,23435
1803,23436
1804,23439
1805,23441
1806,23446
1807,23453
1808,23454
1809,23457
1810,23459
1811,23461
1812,23470
1813,24134
1814,24135
1815,24160
1816,24167
1817,24171
1818,24173
1819,24174
1820,24175
1821,24178
1822,24184
1823,24189
1824,24196
1825,24201
1826,24207
1827,24211
1828,24213
1829,24214
1830,24230
1831,24242
1832,24246
1833,24261
1834,24263
1835,24269
1836,24276
1837,24288
1838,24297
1839,24299
1840,24301
1841,24323
1842,24324
1843,24329
1844,24332
1845,24334
1846,24354
1847,24356
1848,24360
1849,24361
1850,24362
1851,24364
1852,24369
1853,24374
1854,24379
1855,24381
1856,24382
1857,24384
1858,24398
1859,24399
1860,24402
1861,24406
1862,24410
1863,24412
1864,24414
1865,24417
1866,24418
1867,24422
1868,24435
1869,24497
1870,24498
1871,24507
1872,24508
1873,24511
1874,24512
1875,24516
1876,24519
1877,24521
1878,24522
1879,24523
1880,24526
1881,24528
1882,24532
1883,25136
1884,25151
1885,25169
1886,25179
1887,25181
1888,25186
1889,25194
1890,25198
1891,25199
1892,25223
1893,25234
1894,25238
1895,25240
1896,25242
1897,25243
1898,25252
1899,25253
1900,25267
1901,25269
1902,25270
1903,25292
1904,25300
1905,25307
1906,25309
1907,25311
1908,25319
1909,25321
1910,25323
1911,25333
1912,25334
1913,25354
1914,25365
1915,25377
1916,25378
1917,25384
1918,25385
1919,25386
1920,25388
1921,25389
1922,25794
1923,25795
1924,25797
1925,25803
1926,25805
1927,25806
1928,25807
1929,25811
1930,25814
1931,25815
1932,25818
1933,25823
1934,25824
1935,25827
1936,25829
1937,25831
1938,25844
1939,25855
1940,25856
1941,25858
1942,25865
1943,25870
1944,25880
1945,25881
1946,25887
1947,25889
1948,25892
1949,25899
1950,25901
1951,25914
1952,25919
1953,25921
1954,25955
1955,25958
1956,25961
1957,25972
1958,25982
1959,25985
1960,25986
1961,25992
1962,26792
1963,26796
1964,26797
1965,26799
1966,26800
1967,26801
1968,26802
1969,26818
1970,26824
1971,26831
1972,26834
1973,26838
1974,26842
1975,26843
1976,26844
1977,26848
1978,26852
1979,26862
1980,26866
1981,26874
1982,26884
1983,26886
1984,26887
1985,26890
1986,26899
1987,26902
1988,26906
1989,26907
1990,26927
1991,26933
1992,26937
1993,26950
1994,26952
1995,26970
1996,26986
1997,26992
1998,26996
1999,26999
2000,27001
2001,27002
2002,27008
2003,27015
2004,27018
2005,27025
2006,27026
2007,27027
2008,27028
2009,27038
2010,27041
2011,27042
2012,27045
2013,27050
2014,27053
2015,27058
2016,27059
2017,27063
2018,27066
2019,27074
2020,27075
2021,27079
2022,27113
2023,27116
2024,27117
2025,27119
2026,27132
2027,27133
2028,27136
2029,27149
2030,27151
2031,27179
2032,27180
2033,27186
2034,27189
2035,27191
2036,27192
2037,27193
2038,27194
2039,27207
2040,27209
2041,27211
2042,27214
2043,27216
2044,27223
2045,27607
2046,27608
2047,27610
2048,27622
2049,27627
2050,27634
2051,27640
2052,27643
2053,27645
2054,27650
2055,27656
2056,27670
2057,27682
2058,27687
2059,27701
2060,27711
2061,27716
2062,27717
2063,27720
2064,27734
2065,27755
2066,27765
2067,27766
2068,27771
2069,27774
2070,27780
2071,27783
2072,27789
2073,27792
2074,27815
2075,27821
2076,27822
2077,27828
2078,27829
2079,27854
2080,27857
2081,27862
2082,27863
2083,27867
2084,27874
2085,27892
2086,27893
2087,27894
2088,27895
2089,27901
2090,27904
2091,27912
2092,28580
2093,28581
2094,28583
2095,28587
2096,28591
2097,28592
2098,28594
2099,28595
2100,28596
2101,28597
2102,28601
2103,28606
2104,28609
2105,28611
2106,28613
2107,28617
2108,28631
2109,28650
2110,28653
2111,28660
2112,28684
2113,28690
2114,28693
2115,28701
2116,28703
2117,28712
2118,28716
2119,28717
2120,28727
2121,28730
2122,28731
2123,28738
2124,28743
2125,28751
2126,28754
2127,28757
2128,28773
2129,28780
2130,28784
2131,28789
2132,28802
2133,28807
2134,28812
2135,28823
2136,28825
2137,28836
2138,28842
2139,28844
2140,28847
2141,28850
2142,28852
2143,28862
2144,28863
2145,28865
2146,28869
2147,28872
2148,28904
2149,28906
2150,28912
2151,28952
2152,28953
2153,28954
2154,28957
2155,28958
2156,28962
2157,29586
2158,29587
2159,29589
2160,29591
2161,29598
2162,29599
2163,29601
2164,29602
2165,29603
2166,29604
2167,29628
2168,29632
2169,29648
2170,29654
2171,29665
2172,29670
2173,29673
2174,29684
2175,29685
2176,29692
2177,29695
2178,29697
2179,29704
2180,29709
2181,29712
2182,29721
2183,29723
2184,29736
2185,29740
2186,29751
2187,29754
2188,29765
2189,29772
2190,29786
2191,29789
2192,29790
2193,29801
2194,29803
2195,29806
2196,29808
2197,29814
2198,29820
2199,29823
2200,29829
2201,29838
2202,29847
2203,29851
2204,29862
2205,29873
2206,29876
2207,29891
2208,29893
2209,29899
2210,29904
2211,29915
2212,29919
2213,29922
2214,29926
2215,29931
2216,29939
2217,29941
2218,29942
2219,29943
2220,29949
2221,29950
2222,29972
2223,29981
2224,29982
2225,30020
2226,30022
2227,30027
2228,30587
2229,30590
2230,30591
2231,30592
2232,30594
2233,30612
2234,30621
2235,30628
2236,30632
2237,30634
2238,30635
2239,30661
2240,30669
2241,30678
2242,30679
2243,30681
2244,30685
2245,30687
2246,30690
2247,30692
2248,30705
2249,30712
2250,30727
2251,30728
2252,30729
2253,30734
2254,30746
2255,30763
2256,30775
2257,30784
2258,30786
2259,30793
2260,30819
2261,30826
2262,30834
2263,30838
2264,30840
2265,30841
2266,30844
2267,30846
2268,30847
2269,30851
2270,30857
2271,30861
2272,30864
2273,30869
2274,30870
2275,30873
2276,30874
2277,30875
2278,30895
2279,30897
2280,30898
2281,31601
2282,31611
2283,31612
2284,31617
2285,31620
2286,31621
2287,31625
2288,31628
2289,31629
2290,31632
2291,31640
2292,31643
2293,31644
2294,31646
2295,31654
2296,31667
2297,31670
2298,31671
2299,31675
2300,31679
2301,31683
2302,31686
2303,31691
2304,31698
2305,31714
2306,31726
2307,31738
2308,31740
2309,31751
2310,31756
2311,31757
2312,31760
2313,31780
2314,31784
2315,31787
2316,31789
2317,31790
2318,31792
2319,31804
2320,31809
2321,31820
2322,31822
2323,31860
2324,31865
2325,31869
2326,31873
2327,31877
2328,31880
2329,31884
2330,31887
2331,31894
2332,31902
2333,31913
2334,31915
2335,31918
2336,31929
2337,31953
2338,31955
2339,31957
2340,31965
2341,31982
2342,31991
2343,32004
2344,32013
2345,32020
2346,32022
2347,32023
2348,32027
2349,32028
2350,32029
2351,32035
2352,32036
2353,32042
2354,32043
2355,32047
2356,32049
2357,32050
2358,32057
2359,32058
2360,32062
2361,32063
2362,32074
2363,32118
2364,32120
2365,32126
2366,32128
2367,32129
2368,32138
2369,32157
2370,32175
2371,32176
2372,32178
2373,32180
2374,32183
2375,32584
2376,32596
2377,32611
2378,32618
2379,32619
2380,32629
2381,32632
2382,32646
2383,32647
2384,32650
2385,32652
2386,32668
2387,32679
2388,32683
2389,32684
2390,32693
2391,32704
2392,32712
2393,32724
2394,32737
2395,32740
2396,32750
2397,32790
2398,32796
2399,32797
2400,32815
2401,32819
2402,32822
2403,32827
2404,32828
2405,32830
2406,32831
2407,32832
2408,32833
2409,32837
2410,32838
2411,32839
2412,32841
2413,32842
2414,32844
2415,32848
2416,32850
2417,32851
2418,32852
2419,32864
2420,33580
2421,33585
2422,33586
2423,33589
2424,33590
2425,33594
2426,33597
2427,33603
2428,33604
2429,33611
2430,33627
2431,33633
2432,33657
2433,33667
2434,33675
2435,33682
2436,33683
2437,33695
2438,33698
2439,33705
2440,33714
2441,33725
2442,33740
2443,33741
2444,33748
2445,33751
2446,33754
2447,33757
2448,33758
2449,33760
2450,33761
2451,33767
2452,33768
2453,33775
2454,33777
2455,33778
2456,33779
2457,33790
2458,33794
2459,33797
2460,33798
2461,33803
2462,33806
2463,33808
2464,33809
2465,33810
2466,33813
2467,33814
2468,33821
2469,33822
2470,33823
2471,33824
2472,33836
2473,33838
2474,33839
2475,33842
2476,33843
2477,33847
2478,33849
2479,33852
2480,33915
2481,33916
2482,33918
2483,33931
2484,33933
2485,33963
2486,33964
2487,33966
2488,33967
2489,33970
2490,33972
2491,34001
2492,34010
2493,34011
2494,34016
2495,34020
2496,34027
2497,34590
2498,34591
2499,34598
2500,34599
2501,34601
2502,34607
2503,34609
2504,34612
2505,34621
2506,34624
2507,34634
2508,34642
2509,34657
2510,34658
2511,34661
2512,34667
2513,34678
2514,34694
2515,34700
2516,34704
2517,34705
2518,34715
2519,34719
2520,34723
2521,34726
2522,34731
2523,34749
2524,34754
2525,34756
2526,34757
2527,34759
2528,34768
2529,34771
2530,34779
2531,34783
2532,34793
2533,34797
2534,34800
2535,34803
2536,34807
2537,34808
2538,34826
2539,34829
2540,34838
2541,34852
2542,34871
2543,34879
2544,34881
2545,34882
2546,34883
2547,34886
2548,34887
2549,34888
2550,34897
2551,34902
2552,34905
2553,34906
2554,34907
2555,34909
2556,34918
2557,34947
2558,34972
2559,34974
2560,34975
2561,34976
2562,34978
2563,34984
2564,35581
2565,35584
2566,35589
2567,35598
2568,35606
2569,35610
2570,35613
2571,35649
